intercept;fixed acidity;volatile acidity;citric acid;residual sugar;chlorides;free sulfur dioxide;total sulfur dioxide;density;pH;sulphates;alcohol
-3.3174806448461736;3.10014875791746;-3.770444818556106;0.5670204871531513;3.4924007040696603;-5.280846940478948;0.7687941729904376;-4.678908004342555;-3.503540273847138;0.2794006559389364;6.260487807505239;4.900107405902134