intercept;fixed acidity;volatile acidity;citric acid;residual sugar;chlorides;free sulfur dioxide;total sulfur dioxide;density;pH;sulphates;alcohol
-3.327723567460534;2.4749994886364273;-4.192145848614282;0.3865634613439537;2.7552421328524863;-3.770224185693578;0.39454063496342084;-3.8193883616354296;-2.622184063957307;-0.12392680593360757;5.693243772804887;5.35835480551011