fixed acidity;volatile acidity;citric acid;residual sugar;chlorides;free sulfur dioxide;total sulfur dioxide;density;pH;sulphates;alcohol
-3.0865081216906054;1.5494464091214586;-3.3547182794459793;1.230725183215671;1.4421726654039886;-1.643604545069361;-0.35644186339107087;-2.0944345498213344;-2.332462746292166;-0.5470991414398241;3.805998620907389;5.297585882280906