intercept;fixed acidity;volatile acidity;citric acid;residual sugar;chlorides;free sulfur dioxide;total sulfur dioxide;density;pH;sulphates;alcohol
-3.317230102813059;3.099204160336419;-3.770342986561173;0.5671347974685385;3.492064215080415;-5.2823766978668605;0.7689577039605139;-4.67930634217825;-3.5025900055561268;0.27865799333941577;6.26043046690512;4.900440731932314